22x308	P36454_145
22x309	P36454_146
22x307	P36454_144
22x875	P36454_229
22x2132	P36454_353
L23x6	P36454_181
L23x4	P36454_187
L23x105	P36454_188
L23x379	P36454_182
L23x371	P36454_189
L23x376	P36454_190
L23x453	P36454_193
L23x461	P36454_191
23x274	P36454_158
23x272	P36454_156
L23x499	P36454_183
L23x581	P36454_391
23x818	P36454_324
23x819	P36454_325
23x1064	P36454_328
23x1072	P36454_330
L24x111	P36454_210
L24x137	P36454_202
L24x106	P36454_207
L24x113	P36454_213
L24x132	P36454_208
L24x244	P36454_203
L24x256	P36454_204
L24x277	P36454_211
24x1074	P36454_335
L24x425	P36454_205
L24x433	P36454_212
24x1458	P36454_371
24x1475	P36454_372
24x1457	P36454_370
24x1476	P36454_373
24x1799	P36454_379
24x18	P36454_209
22x145	P36454_309
22x310	P36454_147