sample	population	time	depth
L23.112	2023_La_Genarp	modern	lc
L23.115	2023_La_Genarp	modern	lc
L23.120	2023_La_Genarp	modern	lc
L23.129	2023_La_Genarp	modern	lc
L23.146	2023_La_Genarp	modern	lc
L23.163	2023_La_Genarp	modern	lc
L23.190	2023_La_Genarp	modern	lc
L23.349	2023_La_Genarp	modern	lc
L23.155	2023_La_Genarp	modern	lc
L23.178	2023_La_Genarp	modern	lc
L23.530	2023_La_Genarp	modern	lc
L23.121	2023_La_Genarp	modern	lc
L23.141	2023_La_Genarp	modern	lc
L23.345	2023_La_Genarp	modern	lc
L24.259	2024_La_Genarp	modern	lc
L23.134	2023_La_Genarp	modern	lc
L24.49	2024_La_Genarp	modern	lc
L24.179	2024_La_Genarp	modern	lc
L24.264	2024_La_Genarp	modern	lc
L24.327	2024_La_Genarp	modern	lc
L24.341	2024_La_Genarp	modern	lc
L24.350	2024_La_Genarp	modern	lc
L24.357	2024_La_Genarp	modern	lc
L24.45	2024_La_Genarp	modern	lc
L24.177	2024_La_Genarp	modern	lc
L24.275	2024_La_Genarp	modern	lc
L24.335	2024_La_Genarp	modern	lc
L24.352	2024_La_Genarp	modern	lc
L24.411	2024_La_Genarp	modern	lc
L24.420	2024_La_Genarp	modern	lc
L24.480	2024_La_Genarp	modern	lc
L24.345	2024_La_Genarp	modern	lc
22.159	2022_Ad_Genarp	modern	lc
22.160	2022_Ad_Genarp	modern	lc
22.176	2022_Ad_Genarp	modern	lc
22.182	2022_Ad_Genarp	modern	lc
22.187	2022_Ad_Lomma	modern	lc
22.188	2022_Ad_Lomma	modern	lc
22.195	2022_Ad_Lomma	modern	lc
22.196	2022_Ad_Lomma	modern	lc
22.203	2022_Ad_Lomma	modern	lc
22.205	2022_Ad_Lomma	modern	lc
22.206	2022_Ad_Lomma	modern	lc
22.307	2022_Ad_Hoje_A_14	modern	lc
22.308	2022_Ad_Hoje_A_14	modern	lc
22.309	2022_Ad_Hoje_A_14	modern	lc
22.310	2022_Ad_Hoje_A_14	modern	lc
22.317	2022_Ad_Hoje_A_14	modern	lc
23.31	2023_Ad_Lomma	modern	lc
23.32	2023_Ad_Lomma	modern	lc
23.33	2023_Ad_Lomma	modern	lc
23.116	2023_Ad_Genarp	modern	lc
23.117	2023_Ad_Genarp	modern	lc
23.122	2023_Ad_Genarp	modern	lc
23.123	2023_Ad_Genarp	modern	lc
23.272	2023_Ad_Hoje_A_14	modern	lc
23.273	2023_Ad_Hoje_A_14	modern	lc
23.274	2023_Ad_Hoje_A_14	modern	lc
23.275	2023_Ad_Hoje_A_14	modern	lc
23.280	2023_Ad_Hoje_A_14	modern	lc
23.281	2023_Ad_Hoje_A_14	modern	lc
23.303	2023_Ad_Hoje_A_14	modern	lc
23.304	2023_Ad_Hoje_A_14	modern	lc
23.307	2023_Ad_Hoje_A_14	modern	lc
24.98	2024_Ad_Lomma	modern	lc
24.99	2024_Ad_Lomma	modern	lc
24.100	2024_Ad_Lomma	modern	lc
24.101	2024_Ad_Lomma	modern	lc
24.103	2024_Ad_Lomma	modern	lc
24.104	2024_Ad_Lomma	modern	lc
24.150	2024_Ad_Hoje_A_14	modern	lc
24.151	2024_Ad_Hoje_A_14	modern	lc
24.152	2024_Ad_Hoje_A_14	modern	lc
24.153	2024_Ad_Hoje_A_14	modern	lc
24.447	2024_Ad_Lomma	modern	lc
24.448	2024_Ad_Lomma	modern	lc
24.454	2024_Ad_Lomma	modern	lc
24.458	2024_Ad_Lomma	modern	lc
24.604	2024_Ad_Genarp	modern	lc
24.606	2024_Ad_Genarp	modern	lc
L23.6	2023_La_Hoje_A_14	modern	lc
L23.379	2023_La_Hoje_A_14	modern	lc
L23.499	2023_La_Hoje_A_14	modern	lc
L23.617	2023_La_Hoje_A_14	modern	lc
L23.631	2023_La_Hoje_A_14	modern	lc
L23.584	2023_La_Hoje_A_14	modern	lc
L23.4	2023_La_Hoje_A_14	modern	lc
L23.105	2023_La_Hoje_A_14	modern	lc
L23.371	2023_La_Hoje_A_14	modern	lc
L23.376	2023_La_Hoje_A_14	modern	lc
L23.461	2023_La_Hoje_A_14	modern	lc
L23.494	2023_La_Hoje_A_14	modern	lc
L23.453	2023_La_Hoje_A_14	modern	lc
L23.484	2023_La_Hoje_A_14	modern	lc
L24.6	2024_La_Hoje_A_14	modern	lc
L24.137	2024_La_Hoje_A_14	modern	lc
L24.244	2024_La_Hoje_A_14	modern	lc
L24.256	2024_La_Hoje_A_14	modern	lc
L24.425	2024_La_Hoje_A_14	modern	lc
L24.10	2024_La_Hoje_A_14	modern	lc
L24.106	2024_La_Hoje_A_14	modern	lc
L24.132	2024_La_Hoje_A_14	modern	lc
L24.18	2024_La_Hoje_A_14	modern	lc
L24.111	2024_La_Hoje_A_14	modern	lc
L24.277	2024_La_Hoje_A_14	modern	lc
L24.433	2024_La_Hoje_A_14	modern	lc
L24.113	2024_La_Hoje_A_14	modern	lc
L24.51	2024_La_Lomma	modern	lc
L24.71	2024_La_Lomma	modern	lc
L24.91	2024_La_Lomma	modern	lc
22.319	2022_Ad_Hoje_A_14	modern	lc
22.322	2022_Ad_Hoje_A_14	modern	lc
22.407	2022_Ad_Genarp	modern	lc
22.408	2022_Ad_Genarp	modern	lc
22.417	2022_Ad_Genarp	modern	lc
22.418	2022_Ad_Genarp	modern	lc
22.471	2022_Ad_Genarp	modern	lc
22.628	2022_Ad_Lomma	modern	lc
22.633	2022_Ad_Lomma	modern	lc
22.637	2022_Ad_Lomma	modern	lc
22.638	2022_Ad_Lomma	modern	lc
22.654	2022_Ad_Lomma	modern	lc
22.875	2022_Ad_Hoje_A_14	modern	lc
22.876	2022_Ad_Hoje_A_14	modern	lc
22.921	2022_Ad_Genarp	modern	lc
22.922	2022_Ad_Genarp	modern	lc
23.454	2023_Ad_Lomma	modern	lc
23.462	2023_Ad_Lomma	modern	lc
23.455	2023_Ad_Lomma	modern	lc
23.463	2023_Ad_Lomma	modern	lc
23.477	2023_Ad_Lomma	modern	lc
23.486	2023_Ad_Lomma	modern	lc
23.489	2023_Ad_Lomma	modern	lc
23.506	2023_Ad_Genarp	modern	lc
23.507	2023_Ad_Genarp	modern	lc
23.516	2023_Ad_Genarp	modern	lc
23.517	2023_Ad_Genarp	modern	lc
23.520	2023_Ad_Genarp	modern	lc
23.526	2023_Ad_Genarp	modern	lc
23.539	2023_Ad_Genarp	modern	lc
23.544	2023_Ad_Genarp	modern	lc
23.773	2023_Ad_Lomma	modern	lc
24.620	2024_Ad_Genarp	modern	lc
24.628	2024_Ad_Genarp	modern	lc
24.640	2024_Ad_Genarp	modern	lc
24.655	2024_Ad_Genarp	modern	lc
24.659	2024_Ad_Genarp	modern	lc
24.970	2024_Ad_Lomma	modern	lc
24.971	2024_Ad_Lomma	modern	lc
24.979	2024_Ad_Lomma	modern	lc
24.980	2024_Ad_Lomma	modern	lc
24.1014	2024_Ad_Genarp	modern	lc
24.1015	2024_Ad_Genarp	modern	lc
24.1020	2024_Ad_Genarp	modern	lc
24.1021	2024_Ad_Genarp	modern	lc
24.1029	2024_Ad_Genarp	modern	lc
24.1031	2024_Ad_Genarp	modern	lc
24.1032	2024_Ad_Genarp	modern	lc
L23.319	2023_La_Lomma	modern	lc
L23.329	2023_La_Lomma	modern	lc
L23.388	2023_La_Lomma	modern	lc
L23.392	2023_La_Lomma	modern	lc
L23.435	2023_La_Lomma	modern	lc
L23.439	2023_La_Lomma	modern	lc
L23.595	2023_La_Lomma	modern	lc
L23.314	2023_La_Lomma	modern	lc
L23.323	2023_La_Lomma	modern	lc
L23.397	2023_La_Lomma	modern	lc
L23.399	2023_La_Lomma	modern	lc
L23.404	2023_La_Lomma	modern	lc
L23.423	2023_La_Lomma	modern	lc
L23.432	2023_La_Lomma	modern	lc
L23.601	2023_La_Lomma	modern	lc
L23.332	2023_La_Lomma	modern	lc
L24.207	2024_La_Lomma	modern	lc
L24.574	2024_La_Lomma	modern	lc
L24.588	2024_La_Lomma	modern	lc
L24.603	2024_La_Lomma	modern	lc
L24.55	2024_La_Lomma	modern	lc
L24.69	2024_La_Lomma	modern	lc
L24.211	2024_La_Lomma	modern	lc
L24.93	2024_La_Lomma	modern	lc
L24.371	2024_La_Lomma	modern	lc
L24.385	2024_La_Lomma	modern	lc
L24.595	2024_La_Lomma	modern	lc
L24.615	2024_La_Lomma	modern	lc
L24.87	2024_La_Lomma	modern	lc
22.972	2022_Ad_Genarp	modern	lc
22.1235	2022_Ad_Lomma	modern	lc
22.1239	2022_Ad_Lomma	modern	lc
22.1252	2022_Ad_Lomma	modern	lc
22.1425	2022_Ad_Hoje_A_14	modern	lc
22.1430	2022_Ad_Hoje_A_14	modern	lc
22.1435	2022_Ad_Hoje_A_14	modern	lc
22.1443	2022_Ad_Hoje_A_14	modern	lc
22.1449	2022_Ad_Hoje_A_14	modern	lc
22.1450	2022_Ad_Hoje_A_14	modern	lc
22.1500	2022_Ad_Genarp	modern	lc
22.1799	2022_Ad_Lomma	modern	lc
22.1800	2022_Ad_Lomma	modern	lc
22.1832	2022_Ad_Genarp	modern	lc
22.1833	2022_Ad_Genarp	modern	lc
22.1839	2022_Ad_Genarp	modern	lc
22.1844	2022_Ad_Genarp	modern	lc
23.778	2023_Ad_Lomma	modern	lc
23.779	2023_Ad_Lomma	modern	lc
23.798	2023_Ad_Lomma	modern	lc
23.799	2023_Ad_Lomma	modern	lc
23.802	2023_Ad_Lomma	modern	lc
23.806	2023_Ad_Lomma	modern	lc
23.809	2023_Ad_Lomma	modern	lc
23.818	2023_Ad_Hoje_A_14	modern	lc
23.819	2023_Ad_Hoje_A_14	modern	lc
23.875	2023_Ad_Hoje_A_14	modern	lc
23.978	2023_Ad_Genarp	modern	lc
23.1064	2023_Ad_Hoje_A_14	modern	lc
23.1065	2023_Ad_Hoje_A_14	modern	lc
23.1072	2023_Ad_Hoje_A_14	modern	lc
23.1073	2023_Ad_Hoje_A_14	modern	lc
23.1080	2023_Ad_Hoje_A_14	modern	lc
24.1040	2024_Ad_Genarp	modern	lc
24.1046	2024_Ad_Genarp	modern	lc
24.1074	2024_Ad_Hoje_A_14	modern	lc
24.1075	2024_Ad_Hoje_A_14	modern	lc
24.1119	2024_Ad_Hoje_A_14	modern	lc
24.1126	2024_Ad_Hoje_A_14	modern	lc
24.1150	2024_Ad_Hoje_A_14	modern	lc
24.1157	2024_Ad_Hoje_A_14	modern	lc
24.1382	2024_Ad_Lomma	modern	lc
24.1383	2024_Ad_Lomma	modern	lc
24.1384	2024_Ad_Lomma	modern	lc
24.1385	2024_Ad_Lomma	modern	lc
24.1386	2024_Ad_Lomma	modern	lc
24.1388	2024_Ad_Lomma	modern	lc
24.1407	2024_Ad_Genarp	modern	lc
24.1445	2024_Ad_Hoje_A_14	modern	lc
22.1852	2022_Ad_Genarp	modern	lc
22.1856	2022_Ad_Genarp	modern	lc
22.1876	2022_Ad_Hoje_A_14	modern	lc
22.2131	2022_Ad_Hoje_A_14	modern	lc
22.2132	2022_Ad_Hoje_A_14	modern	lc
22.2144	2022_Ad_Hoje_A_14	modern	lc
23.1102	2023_Ad_Genarp	modern	lc
23.1103	2023_Ad_Genarp	modern	lc
23.1180	2023_Ad_Lomma	modern	lc
23.1181	2023_Ad_Lomma	modern	lc
23.1188	2023_Ad_Hoje_A_14	modern	lc
23.1190	2023_Ad_Hoje_A_14	modern	lc
23.1196	2023_Ad_Hoje_A_14	modern	lc
23.1258	2023_Ad_Genarp	modern	lc
23.1259	2023_Ad_Genarp	modern	lc
23.1261	2023_Ad_Genarp	modern	lc
23.1264	2023_Ad_Genarp	modern	lc
23.1271	2023_Ad_Hoje_A_14	modern	lc
23.1275	2023_Ad_Hoje_A_14	modern	lc
23.1318	2023_Ad_Lomma	modern	lc
24.1446	2024_Ad_Hoje_A_14	modern	lc
24.1457	2024_Ad_Hoje_A_14	modern	lc
24.1458	2024_Ad_Hoje_A_14	modern	lc
24.1475	2024_Ad_Hoje_A_14	modern	lc
24.1476	2024_Ad_Hoje_A_14	modern	lc
24.1493	2024_Ad_Hoje_A_14	modern	lc
24.1719	2024_Ad_Genarp	modern	lc
24.1720	2024_Ad_Genarp	modern	lc
24.1726	2024_Ad_Genarp	modern	lc
24.1734	2024_Ad_Lomma	modern	lc
24.1799	2024_Ad_Hoje_A_14	modern	lc
24.1800	2024_Ad_Hoje_A_14	modern	lc
24.1804	2024_Ad_Hoje_A_14	modern	lc
24.1821	2024_Ad_Hoje_A_14	modern	lc
24.1894	2024_Ad_Genarp	modern	lc
24.1899	2024_Ad_Lomma	modern	lc
24.2109	2024_Ad_Genarp	modern	lc
24.2163	2024_Ad_Hoje_A_14	modern	lc
22.652	2022_Ad_Lomma	modern	lc
22.1789	2022_Ad_Lomma	modern	lc
23.1270	2023_Ad_Hoje_A_14	modern	lc
23.1193	2023_Ad_Hoje_A_14	modern	lc
L23.581	2023_La_Hoje_A_14	modern	lc
L23.630	2023_La_Hoje_A_14	modern	lc
22.975	2022_Ad_Genarp	modern	lc
22.1234	2022_Ad_Lomma	modern	lc
