sample	unit	lib	platform	fq1	fq2
23x818	 P36454P3   	P36454_324	ILLUMINA	../../RawData/lcNGS_2025/files/P36454/P36454_324/02-FASTQ/20250916_LH00202_0275_B233JYLLT4/P36454_324_S322_L004_R1_001.fastq.gz	../../RawData/lcNGS_2025/files/P36454/P36454_324/02-FASTQ/20250916_LH00202_0275_B233JYLLT4/P36454_324_S322_L004_R2_001.fastq.gz
23x818	 P36454P3   	P36454_324	ILLUMINA	../../RawData/lcNGS_2025/files/P36454/P36454_324/02-FASTQ/20250916_LH00202_0275_B233JYLLT4/P36454_324_S322_L003_R1_001.fastq.gz	../../RawData/lcNGS_2025/files/P36454/P36454_324/02-FASTQ/20250916_LH00202_0275_B233JYLLT4/P36454_324_S322_L003_R2_001.fastq.gz
23x818	 P36454P3   	P36454_324	ILLUMINA	../../RawData/lcNGS_2025/files/P36454/P36454_324/02-FASTQ/20250916_LH00202_0275_B233JYLLT4/P36454_324_S322_L002_R1_001.fastq.gz	../../RawData/lcNGS_2025/files/P36454/P36454_324/02-FASTQ/20250916_LH00202_0275_B233JYLLT4/P36454_324_S322_L002_R2_001.fastq.gz
22x2132	 P36454P3   	P36454_353	ILLUMINA	../../RawData/lcNGS_2025/files/P36454/P36454_353/02-FASTQ/20250916_LH00202_0275_B233JYLLT4/P36454_353_S351_L002_R1_001.fastq.gz	../../RawData/lcNGS_2025/files/P36454/P36454_353/02-FASTQ/20250916_LH00202_0275_B233JYLLT4/P36454_353_S351_L002_R2_001.fastq.gz
22x2132	 P36454P3   	P36454_353	ILLUMINA	../../RawData/lcNGS_2025/files/P36454/P36454_353/02-FASTQ/20250916_LH00202_0275_B233JYLLT4/P36454_353_S351_L003_R1_001.fastq.gz	../../RawData/lcNGS_2025/files/P36454/P36454_353/02-FASTQ/20250916_LH00202_0275_B233JYLLT4/P36454_353_S351_L003_R2_001.fastq.gz
22x2132	 P36454P3   	P36454_353	ILLUMINA	../../RawData/lcNGS_2025/files/P36454/P36454_353/02-FASTQ/20250916_LH00202_0275_B233JYLLT4/P36454_353_S351_L004_R1_001.fastq.gz	../../RawData/lcNGS_2025/files/P36454/P36454_353/02-FASTQ/20250916_LH00202_0275_B233JYLLT4/P36454_353_S351_L004_R2_001.fastq.gz
23x819	 P36454P3   	P36454_325	ILLUMINA	../../RawData/lcNGS_2025/files/P36454/P36454_325/02-FASTQ/20250916_LH00202_0275_B233JYLLT4/P36454_325_S323_L003_R1_001.fastq.gz	../../RawData/lcNGS_2025/files/P36454/P36454_325/02-FASTQ/20250916_LH00202_0275_B233JYLLT4/P36454_325_S323_L003_R2_001.fastq.gz
23x819	 P36454P3   	P36454_325	ILLUMINA	../../RawData/lcNGS_2025/files/P36454/P36454_325/02-FASTQ/20250916_LH00202_0275_B233JYLLT4/P36454_325_S323_L002_R1_001.fastq.gz	../../RawData/lcNGS_2025/files/P36454/P36454_325/02-FASTQ/20250916_LH00202_0275_B233JYLLT4/P36454_325_S323_L002_R2_001.fastq.gz
23x819	 P36454P3   	P36454_325	ILLUMINA	../../RawData/lcNGS_2025/files/P36454/P36454_325/02-FASTQ/20250916_LH00202_0275_B233JYLLT4/P36454_325_S323_L004_R1_001.fastq.gz	../../RawData/lcNGS_2025/files/P36454/P36454_325/02-FASTQ/20250916_LH00202_0275_B233JYLLT4/P36454_325_S323_L004_R2_001.fastq.gz
L23x461	 P36454P1   	P36454_191	ILLUMINA	../../RawData/lcNGS_2025/files/P36454/P36454_191/02-FASTQ/20250916_LH00202_0275_B233JYLLT4/P36454_191_S201_L003_R1_001.fastq.gz	../../RawData/lcNGS_2025/files/P36454/P36454_191/02-FASTQ/20250916_LH00202_0275_B233JYLLT4/P36454_191_S201_L003_R2_001.fastq.gz
L23x461	 P36454P1   	P36454_191	ILLUMINA	../../RawData/lcNGS_2025/files/P36454/P36454_191/02-FASTQ/20250916_LH00202_0275_B233JYLLT4/P36454_191_S201_L004_R1_001.fastq.gz	../../RawData/lcNGS_2025/files/P36454/P36454_191/02-FASTQ/20250916_LH00202_0275_B233JYLLT4/P36454_191_S201_L004_R2_001.fastq.gz
L23x461	 P36454P1   	P36454_191	ILLUMINA	../../RawData/lcNGS_2025/files/P36454/P36454_191/02-FASTQ/20250916_LH00202_0275_B233JYLLT4/P36454_191_S201_L002_R1_001.fastq.gz	../../RawData/lcNGS_2025/files/P36454/P36454_191/02-FASTQ/20250916_LH00202_0275_B233JYLLT4/P36454_191_S201_L002_R2_001.fastq.gz
L24x277	 P36454P2   	P36454_211	ILLUMINA	../../RawData/lcNGS_2025/files/P36454/P36454_211/02-FASTQ/20250916_LH00202_0275_B233JYLLT4/P36454_211_S215_L002_R1_001.fastq.gz	../../RawData/lcNGS_2025/files/P36454/P36454_211/02-FASTQ/20250916_LH00202_0275_B233JYLLT4/P36454_211_S215_L002_R2_001.fastq.gz
L24x277	 P36454P2   	P36454_211	ILLUMINA	../../RawData/lcNGS_2025/files/P36454/P36454_211/02-FASTQ/20250916_LH00202_0275_B233JYLLT4/P36454_211_S215_L003_R1_001.fastq.gz	../../RawData/lcNGS_2025/files/P36454/P36454_211/02-FASTQ/20250916_LH00202_0275_B233JYLLT4/P36454_211_S215_L003_R2_001.fastq.gz
L24x277	 P36454P2   	P36454_211	ILLUMINA	../../RawData/lcNGS_2025/files/P36454/P36454_211/02-FASTQ/20250916_LH00202_0275_B233JYLLT4/P36454_211_S215_L004_R1_001.fastq.gz	../../RawData/lcNGS_2025/files/P36454/P36454_211/02-FASTQ/20250916_LH00202_0275_B233JYLLT4/P36454_211_S215_L004_R2_001.fastq.gz
L23x376	 P36454P1   	P36454_190	ILLUMINA	../../RawData/lcNGS_2025/files/P36454/P36454_190/02-FASTQ/20250916_LH00202_0275_B233JYLLT4/P36454_190_S200_L004_R1_001.fastq.gz	../../RawData/lcNGS_2025/files/P36454/P36454_190/02-FASTQ/20250916_LH00202_0275_B233JYLLT4/P36454_190_S200_L004_R2_001.fastq.gz
L23x376	 P36454P1   	P36454_190	ILLUMINA	../../RawData/lcNGS_2025/files/P36454/P36454_190/02-FASTQ/20250916_LH00202_0275_B233JYLLT4/P36454_190_S200_L003_R1_001.fastq.gz	../../RawData/lcNGS_2025/files/P36454/P36454_190/02-FASTQ/20250916_LH00202_0275_B233JYLLT4/P36454_190_S200_L003_R2_001.fastq.gz
L23x376	 P36454P1   	P36454_190	ILLUMINA	../../RawData/lcNGS_2025/files/P36454/P36454_190/02-FASTQ/20250916_LH00202_0275_B233JYLLT4/P36454_190_S200_L002_R1_001.fastq.gz	../../RawData/lcNGS_2025/files/P36454/P36454_190/02-FASTQ/20250916_LH00202_0275_B233JYLLT4/P36454_190_S200_L002_R2_001.fastq.gz
L23x379	 P36454P1   	P36454_182	ILLUMINA	../../RawData/lcNGS_2025/files/P36454/P36454_182/02-FASTQ/20250916_LH00202_0275_B233JYLLT4/P36454_182_S192_L004_R1_001.fastq.gz	../../RawData/lcNGS_2025/files/P36454/P36454_182/02-FASTQ/20250916_LH00202_0275_B233JYLLT4/P36454_182_S192_L004_R2_001.fastq.gz
L23x379	 P36454P1   	P36454_182	ILLUMINA	../../RawData/lcNGS_2025/files/P36454/P36454_182/02-FASTQ/20250916_LH00202_0275_B233JYLLT4/P36454_182_S192_L003_R1_001.fastq.gz	../../RawData/lcNGS_2025/files/P36454/P36454_182/02-FASTQ/20250916_LH00202_0275_B233JYLLT4/P36454_182_S192_L003_R2_001.fastq.gz
L23x379	 P36454P1   	P36454_182	ILLUMINA	../../RawData/lcNGS_2025/files/P36454/P36454_182/02-FASTQ/20250916_LH00202_0275_B233JYLLT4/P36454_182_S192_L002_R1_001.fastq.gz	../../RawData/lcNGS_2025/files/P36454/P36454_182/02-FASTQ/20250916_LH00202_0275_B233JYLLT4/P36454_182_S192_L002_R2_001.fastq.gz
L24x244	 P36454P2   	P36454_203	ILLUMINA	../../RawData/lcNGS_2025/files/P36454/P36454_203/02-FASTQ/20250916_LH00202_0275_B233JYLLT4/P36454_203_S207_L003_R1_001.fastq.gz	../../RawData/lcNGS_2025/files/P36454/P36454_203/02-FASTQ/20250916_LH00202_0275_B233JYLLT4/P36454_203_S207_L003_R2_001.fastq.gz
L24x244	 P36454P2   	P36454_203	ILLUMINA	../../RawData/lcNGS_2025/files/P36454/P36454_203/02-FASTQ/20250916_LH00202_0275_B233JYLLT4/P36454_203_S207_L002_R1_001.fastq.gz	../../RawData/lcNGS_2025/files/P36454/P36454_203/02-FASTQ/20250916_LH00202_0275_B233JYLLT4/P36454_203_S207_L002_R2_001.fastq.gz
L24x244	 P36454P2   	P36454_203	ILLUMINA	../../RawData/lcNGS_2025/files/P36454/P36454_203/02-FASTQ/20250916_LH00202_0275_B233JYLLT4/P36454_203_S207_L004_R1_001.fastq.gz	../../RawData/lcNGS_2025/files/P36454/P36454_203/02-FASTQ/20250916_LH00202_0275_B233JYLLT4/P36454_203_S207_L004_R2_001.fastq.gz
L23x371	 P36454P1   	P36454_189	ILLUMINA	../../RawData/lcNGS_2025/files/P36454/P36454_189/02-FASTQ/20250916_LH00202_0275_B233JYLLT4/P36454_189_S199_L004_R1_001.fastq.gz	../../RawData/lcNGS_2025/files/P36454/P36454_189/02-FASTQ/20250916_LH00202_0275_B233JYLLT4/P36454_189_S199_L004_R2_001.fastq.gz
L23x371	 P36454P1   	P36454_189	ILLUMINA	../../RawData/lcNGS_2025/files/P36454/P36454_189/02-FASTQ/20250916_LH00202_0275_B233JYLLT4/P36454_189_S199_L002_R1_001.fastq.gz	../../RawData/lcNGS_2025/files/P36454/P36454_189/02-FASTQ/20250916_LH00202_0275_B233JYLLT4/P36454_189_S199_L002_R2_001.fastq.gz
L23x371	 P36454P1   	P36454_189	ILLUMINA	../../RawData/lcNGS_2025/files/P36454/P36454_189/02-FASTQ/20250916_LH00202_0275_B233JYLLT4/P36454_189_S199_L003_R1_001.fastq.gz	../../RawData/lcNGS_2025/files/P36454/P36454_189/02-FASTQ/20250916_LH00202_0275_B233JYLLT4/P36454_189_S199_L003_R2_001.fastq.gz
L23x105	 P36454P1   	P36454_188	ILLUMINA	../../RawData/lcNGS_2025/files/P36454/P36454_188/02-FASTQ/20250916_LH00202_0275_B233JYLLT4/P36454_188_S198_L004_R1_001.fastq.gz	../../RawData/lcNGS_2025/files/P36454/P36454_188/02-FASTQ/20250916_LH00202_0275_B233JYLLT4/P36454_188_S198_L004_R2_001.fastq.gz
L23x105	 P36454P1   	P36454_188	ILLUMINA	../../RawData/lcNGS_2025/files/P36454/P36454_188/02-FASTQ/20250916_LH00202_0275_B233JYLLT4/P36454_188_S198_L003_R1_001.fastq.gz	../../RawData/lcNGS_2025/files/P36454/P36454_188/02-FASTQ/20250916_LH00202_0275_B233JYLLT4/P36454_188_S198_L003_R2_001.fastq.gz
L23x105	 P36454P1   	P36454_188	ILLUMINA	../../RawData/lcNGS_2025/files/P36454/P36454_188/02-FASTQ/20250916_LH00202_0275_B233JYLLT4/P36454_188_S198_L002_R1_001.fastq.gz	../../RawData/lcNGS_2025/files/P36454/P36454_188/02-FASTQ/20250916_LH00202_0275_B233JYLLT4/P36454_188_S198_L002_R2_001.fastq.gz
22x145	 P36454P3   	P36454_309	ILLUMINA	../../RawData/lcNGS_2025/files/P36454/P36454_309/02-FASTQ/20250916_LH00202_0275_B233JYLLT4/P36454_309_S307_L002_R1_001.fastq.gz	../../RawData/lcNGS_2025/files/P36454/P36454_309/02-FASTQ/20250916_LH00202_0275_B233JYLLT4/P36454_309_S307_L002_R2_001.fastq.gz
22x145	 P36454P3   	P36454_309	ILLUMINA	../../RawData/lcNGS_2025/files/P36454/P36454_309/02-FASTQ/20250916_LH00202_0275_B233JYLLT4/P36454_309_S307_L004_R1_001.fastq.gz	../../RawData/lcNGS_2025/files/P36454/P36454_309/02-FASTQ/20250916_LH00202_0275_B233JYLLT4/P36454_309_S307_L004_R2_001.fastq.gz
22x145	 P36454P3   	P36454_309	ILLUMINA	../../RawData/lcNGS_2025/files/P36454/P36454_309/02-FASTQ/20250916_LH00202_0275_B233JYLLT4/P36454_309_S307_L003_R1_001.fastq.gz	../../RawData/lcNGS_2025/files/P36454/P36454_309/02-FASTQ/20250916_LH00202_0275_B233JYLLT4/P36454_309_S307_L003_R2_001.fastq.gz
L24x137	 P36454P2   	P36454_202	ILLUMINA	../../RawData/lcNGS_2025/files/P36454/P36454_202/02-FASTQ/20250916_LH00202_0275_B233JYLLT4/P36454_202_S206_L002_R1_001.fastq.gz	../../RawData/lcNGS_2025/files/P36454/P36454_202/02-FASTQ/20250916_LH00202_0275_B233JYLLT4/P36454_202_S206_L002_R2_001.fastq.gz
L24x137	 P36454P2   	P36454_202	ILLUMINA	../../RawData/lcNGS_2025/files/P36454/P36454_202/02-FASTQ/20250916_LH00202_0275_B233JYLLT4/P36454_202_S206_L003_R1_001.fastq.gz	../../RawData/lcNGS_2025/files/P36454/P36454_202/02-FASTQ/20250916_LH00202_0275_B233JYLLT4/P36454_202_S206_L003_R2_001.fastq.gz
L24x137	 P36454P2   	P36454_202	ILLUMINA	../../RawData/lcNGS_2025/files/P36454/P36454_202/02-FASTQ/20250916_LH00202_0275_B233JYLLT4/P36454_202_S206_L004_R1_001.fastq.gz	../../RawData/lcNGS_2025/files/P36454/P36454_202/02-FASTQ/20250916_LH00202_0275_B233JYLLT4/P36454_202_S206_L004_R2_001.fastq.gz
24x1458	 P36454P3   	P36454_371	ILLUMINA	../../RawData/lcNGS_2025/files/P36454/P36454_371/02-FASTQ/20250916_LH00202_0275_B233JYLLT4/P36454_371_S369_L002_R1_001.fastq.gz	../../RawData/lcNGS_2025/files/P36454/P36454_371/02-FASTQ/20250916_LH00202_0275_B233JYLLT4/P36454_371_S369_L002_R2_001.fastq.gz
24x1458	 P36454P3   	P36454_371	ILLUMINA	../../RawData/lcNGS_2025/files/P36454/P36454_371/02-FASTQ/20250916_LH00202_0275_B233JYLLT4/P36454_371_S369_L003_R1_001.fastq.gz	../../RawData/lcNGS_2025/files/P36454/P36454_371/02-FASTQ/20250916_LH00202_0275_B233JYLLT4/P36454_371_S369_L003_R2_001.fastq.gz
24x1458	 P36454P3   	P36454_371	ILLUMINA	../../RawData/lcNGS_2025/files/P36454/P36454_371/02-FASTQ/20250916_LH00202_0275_B233JYLLT4/P36454_371_S369_L004_R1_001.fastq.gz	../../RawData/lcNGS_2025/files/P36454/P36454_371/02-FASTQ/20250916_LH00202_0275_B233JYLLT4/P36454_371_S369_L004_R2_001.fastq.gz
L24x425	 P36454P2   	P36454_205	ILLUMINA	../../RawData/lcNGS_2025/files/P36454/P36454_205/02-FASTQ/20250916_LH00202_0275_B233JYLLT4/P36454_205_S209_L003_R1_001.fastq.gz	../../RawData/lcNGS_2025/files/P36454/P36454_205/02-FASTQ/20250916_LH00202_0275_B233JYLLT4/P36454_205_S209_L003_R2_001.fastq.gz
L24x425	 P36454P2   	P36454_205	ILLUMINA	../../RawData/lcNGS_2025/files/P36454/P36454_205/02-FASTQ/20250916_LH00202_0275_B233JYLLT4/P36454_205_S209_L002_R1_001.fastq.gz	../../RawData/lcNGS_2025/files/P36454/P36454_205/02-FASTQ/20250916_LH00202_0275_B233JYLLT4/P36454_205_S209_L002_R2_001.fastq.gz
L24x425	 P36454P2   	P36454_205	ILLUMINA	../../RawData/lcNGS_2025/files/P36454/P36454_205/02-FASTQ/20250916_LH00202_0275_B233JYLLT4/P36454_205_S209_L004_R1_001.fastq.gz	../../RawData/lcNGS_2025/files/P36454/P36454_205/02-FASTQ/20250916_LH00202_0275_B233JYLLT4/P36454_205_S209_L004_R2_001.fastq.gz
23x1072	 P36454P3   	P36454_330	ILLUMINA	../../RawData/lcNGS_2025/files/P36454/P36454_330/02-FASTQ/20250916_LH00202_0275_B233JYLLT4/P36454_330_S328_L003_R1_001.fastq.gz	../../RawData/lcNGS_2025/files/P36454/P36454_330/02-FASTQ/20250916_LH00202_0275_B233JYLLT4/P36454_330_S328_L003_R2_001.fastq.gz
23x1072	 P36454P3   	P36454_330	ILLUMINA	../../RawData/lcNGS_2025/files/P36454/P36454_330/02-FASTQ/20250916_LH00202_0275_B233JYLLT4/P36454_330_S328_L002_R1_001.fastq.gz	../../RawData/lcNGS_2025/files/P36454/P36454_330/02-FASTQ/20250916_LH00202_0275_B233JYLLT4/P36454_330_S328_L002_R2_001.fastq.gz
23x1072	 P36454P3   	P36454_330	ILLUMINA	../../RawData/lcNGS_2025/files/P36454/P36454_330/02-FASTQ/20250916_LH00202_0275_B233JYLLT4/P36454_330_S328_L004_R1_001.fastq.gz	../../RawData/lcNGS_2025/files/P36454/P36454_330/02-FASTQ/20250916_LH00202_0275_B233JYLLT4/P36454_330_S328_L004_R2_001.fastq.gz
23x272	 P36454P1   	P36454_156	ILLUMINA	../../RawData/lcNGS_2025/files/P36454/P36454_156/02-FASTQ/20250916_LH00202_0275_B233JYLLT4/P36454_156_S166_L003_R1_001.fastq.gz	../../RawData/lcNGS_2025/files/P36454/P36454_156/02-FASTQ/20250916_LH00202_0275_B233JYLLT4/P36454_156_S166_L003_R2_001.fastq.gz
23x272	 P36454P1   	P36454_156	ILLUMINA	../../RawData/lcNGS_2025/files/P36454/P36454_156/02-FASTQ/20250916_LH00202_0275_B233JYLLT4/P36454_156_S166_L004_R1_001.fastq.gz	../../RawData/lcNGS_2025/files/P36454/P36454_156/02-FASTQ/20250916_LH00202_0275_B233JYLLT4/P36454_156_S166_L004_R2_001.fastq.gz
23x272	 P36454P1   	P36454_156	ILLUMINA	../../RawData/lcNGS_2025/files/P36454/P36454_156/02-FASTQ/20250916_LH00202_0275_B233JYLLT4/P36454_156_S166_L002_R1_001.fastq.gz	../../RawData/lcNGS_2025/files/P36454/P36454_156/02-FASTQ/20250916_LH00202_0275_B233JYLLT4/P36454_156_S166_L002_R2_001.fastq.gz
23x274	 P36454P1   	P36454_158	ILLUMINA	../../RawData/lcNGS_2025/files/P36454/P36454_158/02-FASTQ/20250916_LH00202_0275_B233JYLLT4/P36454_158_S168_L002_R1_001.fastq.gz	../../RawData/lcNGS_2025/files/P36454/P36454_158/02-FASTQ/20250916_LH00202_0275_B233JYLLT4/P36454_158_S168_L002_R2_001.fastq.gz
23x274	 P36454P1   	P36454_158	ILLUMINA	../../RawData/lcNGS_2025/files/P36454/P36454_158/02-FASTQ/20250916_LH00202_0275_B233JYLLT4/P36454_158_S168_L004_R1_001.fastq.gz	../../RawData/lcNGS_2025/files/P36454/P36454_158/02-FASTQ/20250916_LH00202_0275_B233JYLLT4/P36454_158_S168_L004_R2_001.fastq.gz
23x274	 P36454P1   	P36454_158	ILLUMINA	../../RawData/lcNGS_2025/files/P36454/P36454_158/02-FASTQ/20250916_LH00202_0275_B233JYLLT4/P36454_158_S168_L003_R1_001.fastq.gz	../../RawData/lcNGS_2025/files/P36454/P36454_158/02-FASTQ/20250916_LH00202_0275_B233JYLLT4/P36454_158_S168_L003_R2_001.fastq.gz
L23x4	 P36454P1   	P36454_187	ILLUMINA	../../RawData/lcNGS_2025/files/P36454/P36454_187/02-FASTQ/20250916_LH00202_0275_B233JYLLT4/P36454_187_S197_L004_R1_001.fastq.gz	../../RawData/lcNGS_2025/files/P36454/P36454_187/02-FASTQ/20250916_LH00202_0275_B233JYLLT4/P36454_187_S197_L004_R2_001.fastq.gz
L23x4	 P36454P1   	P36454_187	ILLUMINA	../../RawData/lcNGS_2025/files/P36454/P36454_187/02-FASTQ/20250916_LH00202_0275_B233JYLLT4/P36454_187_S197_L003_R1_001.fastq.gz	../../RawData/lcNGS_2025/files/P36454/P36454_187/02-FASTQ/20250916_LH00202_0275_B233JYLLT4/P36454_187_S197_L003_R2_001.fastq.gz
L23x4	 P36454P1   	P36454_187	ILLUMINA	../../RawData/lcNGS_2025/files/P36454/P36454_187/02-FASTQ/20250916_LH00202_0275_B233JYLLT4/P36454_187_S197_L002_R1_001.fastq.gz	../../RawData/lcNGS_2025/files/P36454/P36454_187/02-FASTQ/20250916_LH00202_0275_B233JYLLT4/P36454_187_S197_L002_R2_001.fastq.gz
24x1074	 P36454P3   	P36454_335	ILLUMINA	../../RawData/lcNGS_2025/files/P36454/P36454_335/02-FASTQ/20250916_LH00202_0275_B233JYLLT4/P36454_335_S333_L003_R1_001.fastq.gz	../../RawData/lcNGS_2025/files/P36454/P36454_335/02-FASTQ/20250916_LH00202_0275_B233JYLLT4/P36454_335_S333_L003_R2_001.fastq.gz
24x1074	 P36454P3   	P36454_335	ILLUMINA	../../RawData/lcNGS_2025/files/P36454/P36454_335/02-FASTQ/20250916_LH00202_0275_B233JYLLT4/P36454_335_S333_L004_R1_001.fastq.gz	../../RawData/lcNGS_2025/files/P36454/P36454_335/02-FASTQ/20250916_LH00202_0275_B233JYLLT4/P36454_335_S333_L004_R2_001.fastq.gz
24x1074	 P36454P3   	P36454_335	ILLUMINA	../../RawData/lcNGS_2025/files/P36454/P36454_335/02-FASTQ/20250916_LH00202_0275_B233JYLLT4/P36454_335_S333_L002_R1_001.fastq.gz	../../RawData/lcNGS_2025/files/P36454/P36454_335/02-FASTQ/20250916_LH00202_0275_B233JYLLT4/P36454_335_S333_L002_R2_001.fastq.gz
24x18	 P36454P2   	P36454_209	ILLUMINA	../../RawData/lcNGS_2025/files/P36454/P36454_209/02-FASTQ/20250916_LH00202_0275_B233JYLLT4/P36454_209_S213_L004_R1_001.fastq.gz	../../RawData/lcNGS_2025/files/P36454/P36454_209/02-FASTQ/20250916_LH00202_0275_B233JYLLT4/P36454_209_S213_L004_R2_001.fastq.gz
24x18	 P36454P2   	P36454_209	ILLUMINA	../../RawData/lcNGS_2025/files/P36454/P36454_209/02-FASTQ/20250916_LH00202_0275_B233JYLLT4/P36454_209_S213_L002_R1_001.fastq.gz	../../RawData/lcNGS_2025/files/P36454/P36454_209/02-FASTQ/20250916_LH00202_0275_B233JYLLT4/P36454_209_S213_L002_R2_001.fastq.gz
24x18	 P36454P2   	P36454_209	ILLUMINA	../../RawData/lcNGS_2025/files/P36454/P36454_209/02-FASTQ/20250916_LH00202_0275_B233JYLLT4/P36454_209_S213_L003_R1_001.fastq.gz	../../RawData/lcNGS_2025/files/P36454/P36454_209/02-FASTQ/20250916_LH00202_0275_B233JYLLT4/P36454_209_S213_L003_R2_001.fastq.gz
L24x132	 P36454P2   	P36454_208	ILLUMINA	../../RawData/lcNGS_2025/files/P36454/P36454_208/02-FASTQ/20250916_LH00202_0275_B233JYLLT4/P36454_208_S212_L002_R1_001.fastq.gz	../../RawData/lcNGS_2025/files/P36454/P36454_208/02-FASTQ/20250916_LH00202_0275_B233JYLLT4/P36454_208_S212_L002_R2_001.fastq.gz
L24x132	 P36454P2   	P36454_208	ILLUMINA	../../RawData/lcNGS_2025/files/P36454/P36454_208/02-FASTQ/20250916_LH00202_0275_B233JYLLT4/P36454_208_S212_L004_R1_001.fastq.gz	../../RawData/lcNGS_2025/files/P36454/P36454_208/02-FASTQ/20250916_LH00202_0275_B233JYLLT4/P36454_208_S212_L004_R2_001.fastq.gz
L24x132	 P36454P2   	P36454_208	ILLUMINA	../../RawData/lcNGS_2025/files/P36454/P36454_208/02-FASTQ/20250916_LH00202_0275_B233JYLLT4/P36454_208_S212_L003_R1_001.fastq.gz	../../RawData/lcNGS_2025/files/P36454/P36454_208/02-FASTQ/20250916_LH00202_0275_B233JYLLT4/P36454_208_S212_L003_R2_001.fastq.gz
24x1475	 P36454P3   	P36454_372	ILLUMINA	../../RawData/lcNGS_2025/files/P36454/P36454_372/02-FASTQ/20250916_LH00202_0275_B233JYLLT4/P36454_372_S370_L002_R1_001.fastq.gz	../../RawData/lcNGS_2025/files/P36454/P36454_372/02-FASTQ/20250916_LH00202_0275_B233JYLLT4/P36454_372_S370_L002_R2_001.fastq.gz
24x1475	 P36454P3   	P36454_372	ILLUMINA	../../RawData/lcNGS_2025/files/P36454/P36454_372/02-FASTQ/20250916_LH00202_0275_B233JYLLT4/P36454_372_S370_L003_R1_001.fastq.gz	../../RawData/lcNGS_2025/files/P36454/P36454_372/02-FASTQ/20250916_LH00202_0275_B233JYLLT4/P36454_372_S370_L003_R2_001.fastq.gz
24x1475	 P36454P3   	P36454_372	ILLUMINA	../../RawData/lcNGS_2025/files/P36454/P36454_372/02-FASTQ/20250916_LH00202_0275_B233JYLLT4/P36454_372_S370_L004_R1_001.fastq.gz	../../RawData/lcNGS_2025/files/P36454/P36454_372/02-FASTQ/20250916_LH00202_0275_B233JYLLT4/P36454_372_S370_L004_R2_001.fastq.gz
22x875	 P36454P2   	P36454_229	ILLUMINA	../../RawData/lcNGS_2025/files/P36454/P36454_229/02-FASTQ/20250916_LH00202_0275_B233JYLLT4/P36454_229_S233_L003_R1_001.fastq.gz	../../RawData/lcNGS_2025/files/P36454/P36454_229/02-FASTQ/20250916_LH00202_0275_B233JYLLT4/P36454_229_S233_L003_R2_001.fastq.gz
22x875	 P36454P2   	P36454_229	ILLUMINA	../../RawData/lcNGS_2025/files/P36454/P36454_229/02-FASTQ/20250916_LH00202_0275_B233JYLLT4/P36454_229_S233_L004_R1_001.fastq.gz	../../RawData/lcNGS_2025/files/P36454/P36454_229/02-FASTQ/20250916_LH00202_0275_B233JYLLT4/P36454_229_S233_L004_R2_001.fastq.gz
22x875	 P36454P2   	P36454_229	ILLUMINA	../../RawData/lcNGS_2025/files/P36454/P36454_229/02-FASTQ/20250916_LH00202_0275_B233JYLLT4/P36454_229_S233_L002_R1_001.fastq.gz	../../RawData/lcNGS_2025/files/P36454/P36454_229/02-FASTQ/20250916_LH00202_0275_B233JYLLT4/P36454_229_S233_L002_R2_001.fastq.gz
L23x581	 P36454P3   	P36454_391	ILLUMINA	../../RawData/lcNGS_2025/files/P36454/P36454_391/02-FASTQ/20250916_LH00202_0275_B233JYLLT4/P36454_391_S389_L003_R1_001.fastq.gz	../../RawData/lcNGS_2025/files/P36454/P36454_391/02-FASTQ/20250916_LH00202_0275_B233JYLLT4/P36454_391_S389_L003_R2_001.fastq.gz
L23x581	 P36454P3   	P36454_391	ILLUMINA	../../RawData/lcNGS_2025/files/P36454/P36454_391/02-FASTQ/20250916_LH00202_0275_B233JYLLT4/P36454_391_S389_L002_R1_001.fastq.gz	../../RawData/lcNGS_2025/files/P36454/P36454_391/02-FASTQ/20250916_LH00202_0275_B233JYLLT4/P36454_391_S389_L002_R2_001.fastq.gz
L23x581	 P36454P3   	P36454_391	ILLUMINA	../../RawData/lcNGS_2025/files/P36454/P36454_391/02-FASTQ/20250916_LH00202_0275_B233JYLLT4/P36454_391_S389_L004_R1_001.fastq.gz	../../RawData/lcNGS_2025/files/P36454/P36454_391/02-FASTQ/20250916_LH00202_0275_B233JYLLT4/P36454_391_S389_L004_R2_001.fastq.gz
L24x113	 P36454P2   	P36454_213	ILLUMINA	../../RawData/lcNGS_2025/files/P36454/P36454_213/02-FASTQ/20250916_LH00202_0275_B233JYLLT4/P36454_213_S217_L002_R1_001.fastq.gz	../../RawData/lcNGS_2025/files/P36454/P36454_213/02-FASTQ/20250916_LH00202_0275_B233JYLLT4/P36454_213_S217_L002_R2_001.fastq.gz
L24x113	 P36454P2   	P36454_213	ILLUMINA	../../RawData/lcNGS_2025/files/P36454/P36454_213/02-FASTQ/20250916_LH00202_0275_B233JYLLT4/P36454_213_S217_L004_R1_001.fastq.gz	../../RawData/lcNGS_2025/files/P36454/P36454_213/02-FASTQ/20250916_LH00202_0275_B233JYLLT4/P36454_213_S217_L004_R2_001.fastq.gz
L24x113	 P36454P2   	P36454_213	ILLUMINA	../../RawData/lcNGS_2025/files/P36454/P36454_213/02-FASTQ/20250916_LH00202_0275_B233JYLLT4/P36454_213_S217_L003_R1_001.fastq.gz	../../RawData/lcNGS_2025/files/P36454/P36454_213/02-FASTQ/20250916_LH00202_0275_B233JYLLT4/P36454_213_S217_L003_R2_001.fastq.gz
24x1476	 P36454P3   	P36454_373	ILLUMINA	../../RawData/lcNGS_2025/files/P36454/P36454_373/02-FASTQ/20250916_LH00202_0275_B233JYLLT4/P36454_373_S371_L004_R1_001.fastq.gz	../../RawData/lcNGS_2025/files/P36454/P36454_373/02-FASTQ/20250916_LH00202_0275_B233JYLLT4/P36454_373_S371_L004_R2_001.fastq.gz
24x1476	 P36454P3   	P36454_373	ILLUMINA	../../RawData/lcNGS_2025/files/P36454/P36454_373/02-FASTQ/20250916_LH00202_0275_B233JYLLT4/P36454_373_S371_L002_R1_001.fastq.gz	../../RawData/lcNGS_2025/files/P36454/P36454_373/02-FASTQ/20250916_LH00202_0275_B233JYLLT4/P36454_373_S371_L002_R2_001.fastq.gz
24x1476	 P36454P3   	P36454_373	ILLUMINA	../../RawData/lcNGS_2025/files/P36454/P36454_373/02-FASTQ/20250916_LH00202_0275_B233JYLLT4/P36454_373_S371_L003_R1_001.fastq.gz	../../RawData/lcNGS_2025/files/P36454/P36454_373/02-FASTQ/20250916_LH00202_0275_B233JYLLT4/P36454_373_S371_L003_R2_001.fastq.gz
22x308	 P36454P1   	P36454_145	ILLUMINA	../../RawData/lcNGS_2025/files/P36454/P36454_145/02-FASTQ/20250916_LH00202_0275_B233JYLLT4/P36454_145_S155_L004_R1_001.fastq.gz	../../RawData/lcNGS_2025/files/P36454/P36454_145/02-FASTQ/20250916_LH00202_0275_B233JYLLT4/P36454_145_S155_L004_R2_001.fastq.gz
22x308	 P36454P1   	P36454_145	ILLUMINA	../../RawData/lcNGS_2025/files/P36454/P36454_145/02-FASTQ/20250916_LH00202_0275_B233JYLLT4/P36454_145_S155_L002_R1_001.fastq.gz	../../RawData/lcNGS_2025/files/P36454/P36454_145/02-FASTQ/20250916_LH00202_0275_B233JYLLT4/P36454_145_S155_L002_R2_001.fastq.gz
22x308	 P36454P1   	P36454_145	ILLUMINA	../../RawData/lcNGS_2025/files/P36454/P36454_145/02-FASTQ/20250916_LH00202_0275_B233JYLLT4/P36454_145_S155_L003_R1_001.fastq.gz	../../RawData/lcNGS_2025/files/P36454/P36454_145/02-FASTQ/20250916_LH00202_0275_B233JYLLT4/P36454_145_S155_L003_R2_001.fastq.gz
L23x499	 P36454P1   	P36454_183	ILLUMINA	../../RawData/lcNGS_2025/files/P36454/P36454_183/02-FASTQ/20250916_LH00202_0275_B233JYLLT4/P36454_183_S193_L003_R1_001.fastq.gz	../../RawData/lcNGS_2025/files/P36454/P36454_183/02-FASTQ/20250916_LH00202_0275_B233JYLLT4/P36454_183_S193_L003_R2_001.fastq.gz
L23x499	 P36454P1   	P36454_183	ILLUMINA	../../RawData/lcNGS_2025/files/P36454/P36454_183/02-FASTQ/20250916_LH00202_0275_B233JYLLT4/P36454_183_S193_L004_R1_001.fastq.gz	../../RawData/lcNGS_2025/files/P36454/P36454_183/02-FASTQ/20250916_LH00202_0275_B233JYLLT4/P36454_183_S193_L004_R2_001.fastq.gz
L23x499	 P36454P1   	P36454_183	ILLUMINA	../../RawData/lcNGS_2025/files/P36454/P36454_183/02-FASTQ/20250916_LH00202_0275_B233JYLLT4/P36454_183_S193_L002_R1_001.fastq.gz	../../RawData/lcNGS_2025/files/P36454/P36454_183/02-FASTQ/20250916_LH00202_0275_B233JYLLT4/P36454_183_S193_L002_R2_001.fastq.gz
L24x256	 P36454P2   	P36454_204	ILLUMINA	../../RawData/lcNGS_2025/files/P36454/P36454_204/02-FASTQ/20250916_LH00202_0275_B233JYLLT4/P36454_204_S208_L003_R1_001.fastq.gz	../../RawData/lcNGS_2025/files/P36454/P36454_204/02-FASTQ/20250916_LH00202_0275_B233JYLLT4/P36454_204_S208_L003_R2_001.fastq.gz
L24x256	 P36454P2   	P36454_204	ILLUMINA	../../RawData/lcNGS_2025/files/P36454/P36454_204/02-FASTQ/20250916_LH00202_0275_B233JYLLT4/P36454_204_S208_L002_R1_001.fastq.gz	../../RawData/lcNGS_2025/files/P36454/P36454_204/02-FASTQ/20250916_LH00202_0275_B233JYLLT4/P36454_204_S208_L002_R2_001.fastq.gz
L24x256	 P36454P2   	P36454_204	ILLUMINA	../../RawData/lcNGS_2025/files/P36454/P36454_204/02-FASTQ/20250916_LH00202_0275_B233JYLLT4/P36454_204_S208_L004_R1_001.fastq.gz	../../RawData/lcNGS_2025/files/P36454/P36454_204/02-FASTQ/20250916_LH00202_0275_B233JYLLT4/P36454_204_S208_L004_R2_001.fastq.gz
24x1457	 P36454P3   	P36454_370	ILLUMINA	../../RawData/lcNGS_2025/files/P36454/P36454_370/02-FASTQ/20250916_LH00202_0275_B233JYLLT4/P36454_370_S368_L003_R1_001.fastq.gz	../../RawData/lcNGS_2025/files/P36454/P36454_370/02-FASTQ/20250916_LH00202_0275_B233JYLLT4/P36454_370_S368_L003_R2_001.fastq.gz
24x1457	 P36454P3   	P36454_370	ILLUMINA	../../RawData/lcNGS_2025/files/P36454/P36454_370/02-FASTQ/20250916_LH00202_0275_B233JYLLT4/P36454_370_S368_L002_R1_001.fastq.gz	../../RawData/lcNGS_2025/files/P36454/P36454_370/02-FASTQ/20250916_LH00202_0275_B233JYLLT4/P36454_370_S368_L002_R2_001.fastq.gz
24x1457	 P36454P3   	P36454_370	ILLUMINA	../../RawData/lcNGS_2025/files/P36454/P36454_370/02-FASTQ/20250916_LH00202_0275_B233JYLLT4/P36454_370_S368_L004_R1_001.fastq.gz	../../RawData/lcNGS_2025/files/P36454/P36454_370/02-FASTQ/20250916_LH00202_0275_B233JYLLT4/P36454_370_S368_L004_R2_001.fastq.gz
24x1799	 P36454P3   	P36454_379	ILLUMINA	../../RawData/lcNGS_2025/files/P36454/P36454_379/02-FASTQ/20250916_LH00202_0275_B233JYLLT4/P36454_379_S377_L003_R1_001.fastq.gz	../../RawData/lcNGS_2025/files/P36454/P36454_379/02-FASTQ/20250916_LH00202_0275_B233JYLLT4/P36454_379_S377_L003_R2_001.fastq.gz
24x1799	 P36454P3   	P36454_379	ILLUMINA	../../RawData/lcNGS_2025/files/P36454/P36454_379/02-FASTQ/20250916_LH00202_0275_B233JYLLT4/P36454_379_S377_L004_R1_001.fastq.gz	../../RawData/lcNGS_2025/files/P36454/P36454_379/02-FASTQ/20250916_LH00202_0275_B233JYLLT4/P36454_379_S377_L004_R2_001.fastq.gz
24x1799	 P36454P3   	P36454_379	ILLUMINA	../../RawData/lcNGS_2025/files/P36454/P36454_379/02-FASTQ/20250916_LH00202_0275_B233JYLLT4/P36454_379_S377_L002_R1_001.fastq.gz	../../RawData/lcNGS_2025/files/P36454/P36454_379/02-FASTQ/20250916_LH00202_0275_B233JYLLT4/P36454_379_S377_L002_R2_001.fastq.gz
L23x6	 P36454P1   	P36454_181	ILLUMINA	../../RawData/lcNGS_2025/files/P36454/P36454_181/02-FASTQ/20250916_LH00202_0275_B233JYLLT4/P36454_181_S191_L004_R1_001.fastq.gz	../../RawData/lcNGS_2025/files/P36454/P36454_181/02-FASTQ/20250916_LH00202_0275_B233JYLLT4/P36454_181_S191_L004_R2_001.fastq.gz
L23x6	 P36454P1   	P36454_181	ILLUMINA	../../RawData/lcNGS_2025/files/P36454/P36454_181/02-FASTQ/20250916_LH00202_0275_B233JYLLT4/P36454_181_S191_L002_R1_001.fastq.gz	../../RawData/lcNGS_2025/files/P36454/P36454_181/02-FASTQ/20250916_LH00202_0275_B233JYLLT4/P36454_181_S191_L002_R2_001.fastq.gz
L23x6	 P36454P1   	P36454_181	ILLUMINA	../../RawData/lcNGS_2025/files/P36454/P36454_181/02-FASTQ/20250916_LH00202_0275_B233JYLLT4/P36454_181_S191_L003_R1_001.fastq.gz	../../RawData/lcNGS_2025/files/P36454/P36454_181/02-FASTQ/20250916_LH00202_0275_B233JYLLT4/P36454_181_S191_L003_R2_001.fastq.gz
L24x106	 P36454P2   	P36454_207	ILLUMINA	../../RawData/lcNGS_2025/files/P36454/P36454_207/02-FASTQ/20250916_LH00202_0275_B233JYLLT4/P36454_207_S211_L002_R1_001.fastq.gz	../../RawData/lcNGS_2025/files/P36454/P36454_207/02-FASTQ/20250916_LH00202_0275_B233JYLLT4/P36454_207_S211_L002_R2_001.fastq.gz
L24x106	 P36454P2   	P36454_207	ILLUMINA	../../RawData/lcNGS_2025/files/P36454/P36454_207/02-FASTQ/20250916_LH00202_0275_B233JYLLT4/P36454_207_S211_L004_R1_001.fastq.gz	../../RawData/lcNGS_2025/files/P36454/P36454_207/02-FASTQ/20250916_LH00202_0275_B233JYLLT4/P36454_207_S211_L004_R2_001.fastq.gz
L24x106	 P36454P2   	P36454_207	ILLUMINA	../../RawData/lcNGS_2025/files/P36454/P36454_207/02-FASTQ/20250916_LH00202_0275_B233JYLLT4/P36454_207_S211_L003_R1_001.fastq.gz	../../RawData/lcNGS_2025/files/P36454/P36454_207/02-FASTQ/20250916_LH00202_0275_B233JYLLT4/P36454_207_S211_L003_R2_001.fastq.gz
L23x453	 P36454P1   	P36454_193	ILLUMINA	../../RawData/lcNGS_2025/files/P36454/P36454_193/02-FASTQ/20250916_LH00202_0275_B233JYLLT4/P36454_193_S203_L002_R1_001.fastq.gz	../../RawData/lcNGS_2025/files/P36454/P36454_193/02-FASTQ/20250916_LH00202_0275_B233JYLLT4/P36454_193_S203_L002_R2_001.fastq.gz
L23x453	 P36454P1   	P36454_193	ILLUMINA	../../RawData/lcNGS_2025/files/P36454/P36454_193/02-FASTQ/20250916_LH00202_0275_B233JYLLT4/P36454_193_S203_L003_R1_001.fastq.gz	../../RawData/lcNGS_2025/files/P36454/P36454_193/02-FASTQ/20250916_LH00202_0275_B233JYLLT4/P36454_193_S203_L003_R2_001.fastq.gz
L23x453	 P36454P1   	P36454_193	ILLUMINA	../../RawData/lcNGS_2025/files/P36454/P36454_193/02-FASTQ/20250916_LH00202_0275_B233JYLLT4/P36454_193_S203_L004_R1_001.fastq.gz	../../RawData/lcNGS_2025/files/P36454/P36454_193/02-FASTQ/20250916_LH00202_0275_B233JYLLT4/P36454_193_S203_L004_R2_001.fastq.gz
L24x433	 P36454P2   	P36454_212	ILLUMINA	../../RawData/lcNGS_2025/files/P36454/P36454_212/02-FASTQ/20250916_LH00202_0275_B233JYLLT4/P36454_212_S216_L002_R1_001.fastq.gz	../../RawData/lcNGS_2025/files/P36454/P36454_212/02-FASTQ/20250916_LH00202_0275_B233JYLLT4/P36454_212_S216_L002_R2_001.fastq.gz
L24x433	 P36454P2   	P36454_212	ILLUMINA	../../RawData/lcNGS_2025/files/P36454/P36454_212/02-FASTQ/20250916_LH00202_0275_B233JYLLT4/P36454_212_S216_L003_R1_001.fastq.gz	../../RawData/lcNGS_2025/files/P36454/P36454_212/02-FASTQ/20250916_LH00202_0275_B233JYLLT4/P36454_212_S216_L003_R2_001.fastq.gz
L24x433	 P36454P2   	P36454_212	ILLUMINA	../../RawData/lcNGS_2025/files/P36454/P36454_212/02-FASTQ/20250916_LH00202_0275_B233JYLLT4/P36454_212_S216_L004_R1_001.fastq.gz	../../RawData/lcNGS_2025/files/P36454/P36454_212/02-FASTQ/20250916_LH00202_0275_B233JYLLT4/P36454_212_S216_L004_R2_001.fastq.gz
22x307	 P36454P1   	P36454_144	ILLUMINA	../../RawData/lcNGS_2025/files/P36454/P36454_144/02-FASTQ/20250916_LH00202_0275_B233JYLLT4/P36454_144_S154_L003_R1_001.fastq.gz	../../RawData/lcNGS_2025/files/P36454/P36454_144/02-FASTQ/20250916_LH00202_0275_B233JYLLT4/P36454_144_S154_L003_R2_001.fastq.gz
22x307	 P36454P1   	P36454_144	ILLUMINA	../../RawData/lcNGS_2025/files/P36454/P36454_144/02-FASTQ/20250916_LH00202_0275_B233JYLLT4/P36454_144_S154_L004_R1_001.fastq.gz	../../RawData/lcNGS_2025/files/P36454/P36454_144/02-FASTQ/20250916_LH00202_0275_B233JYLLT4/P36454_144_S154_L004_R2_001.fastq.gz
22x307	 P36454P1   	P36454_144	ILLUMINA	../../RawData/lcNGS_2025/files/P36454/P36454_144/02-FASTQ/20250916_LH00202_0275_B233JYLLT4/P36454_144_S154_L002_R1_001.fastq.gz	../../RawData/lcNGS_2025/files/P36454/P36454_144/02-FASTQ/20250916_LH00202_0275_B233JYLLT4/P36454_144_S154_L002_R2_001.fastq.gz
22x309	 P36454P1   	P36454_146	ILLUMINA	../../RawData/lcNGS_2025/files/P36454/P36454_146/02-FASTQ/20250916_LH00202_0275_B233JYLLT4/P36454_146_S156_L003_R1_001.fastq.gz	../../RawData/lcNGS_2025/files/P36454/P36454_146/02-FASTQ/20250916_LH00202_0275_B233JYLLT4/P36454_146_S156_L003_R2_001.fastq.gz
22x309	 P36454P1   	P36454_146	ILLUMINA	../../RawData/lcNGS_2025/files/P36454/P36454_146/02-FASTQ/20250916_LH00202_0275_B233JYLLT4/P36454_146_S156_L004_R1_001.fastq.gz	../../RawData/lcNGS_2025/files/P36454/P36454_146/02-FASTQ/20250916_LH00202_0275_B233JYLLT4/P36454_146_S156_L004_R2_001.fastq.gz
22x309	 P36454P1   	P36454_146	ILLUMINA	../../RawData/lcNGS_2025/files/P36454/P36454_146/02-FASTQ/20250916_LH00202_0275_B233JYLLT4/P36454_146_S156_L002_R1_001.fastq.gz	../../RawData/lcNGS_2025/files/P36454/P36454_146/02-FASTQ/20250916_LH00202_0275_B233JYLLT4/P36454_146_S156_L002_R2_001.fastq.gz
22x310	 P36454P1   	P36454_147	ILLUMINA	../../RawData/lcNGS_2025/files/P36454/P36454_147/02-FASTQ/20250916_LH00202_0275_B233JYLLT4/P36454_147_S157_L004_R1_001.fastq.gz	../../RawData/lcNGS_2025/files/P36454/P36454_147/02-FASTQ/20250916_LH00202_0275_B233JYLLT4/P36454_147_S157_L004_R2_001.fastq.gz
22x310	 P36454P1   	P36454_147	ILLUMINA	../../RawData/lcNGS_2025/files/P36454/P36454_147/02-FASTQ/20250916_LH00202_0275_B233JYLLT4/P36454_147_S157_L002_R1_001.fastq.gz	../../RawData/lcNGS_2025/files/P36454/P36454_147/02-FASTQ/20250916_LH00202_0275_B233JYLLT4/P36454_147_S157_L002_R2_001.fastq.gz
22x310	 P36454P1   	P36454_147	ILLUMINA	../../RawData/lcNGS_2025/files/P36454/P36454_147/02-FASTQ/20250916_LH00202_0275_B233JYLLT4/P36454_147_S157_L003_R1_001.fastq.gz	../../RawData/lcNGS_2025/files/P36454/P36454_147/02-FASTQ/20250916_LH00202_0275_B233JYLLT4/P36454_147_S157_L003_R2_001.fastq.gz
23x1064	 P36454P3   	P36454_328	ILLUMINA	../../RawData/lcNGS_2025/files/P36454/P36454_328/02-FASTQ/20250916_LH00202_0275_B233JYLLT4/P36454_328_S326_L003_R1_001.fastq.gz	../../RawData/lcNGS_2025/files/P36454/P36454_328/02-FASTQ/20250916_LH00202_0275_B233JYLLT4/P36454_328_S326_L003_R2_001.fastq.gz
23x1064	 P36454P3   	P36454_328	ILLUMINA	../../RawData/lcNGS_2025/files/P36454/P36454_328/02-FASTQ/20250916_LH00202_0275_B233JYLLT4/P36454_328_S326_L002_R1_001.fastq.gz	../../RawData/lcNGS_2025/files/P36454/P36454_328/02-FASTQ/20250916_LH00202_0275_B233JYLLT4/P36454_328_S326_L002_R2_001.fastq.gz
23x1064	 P36454P3   	P36454_328	ILLUMINA	../../RawData/lcNGS_2025/files/P36454/P36454_328/02-FASTQ/20250916_LH00202_0275_B233JYLLT4/P36454_328_S326_L004_R1_001.fastq.gz	../../RawData/lcNGS_2025/files/P36454/P36454_328/02-FASTQ/20250916_LH00202_0275_B233JYLLT4/P36454_328_S326_L004_R2_001.fastq.gz
L24x111	 P36454P2   	P36454_210	ILLUMINA	../../RawData/lcNGS_2025/files/P36454/P36454_210/02-FASTQ/20250916_LH00202_0275_B233JYLLT4/P36454_210_S214_L002_R1_001.fastq.gz	../../RawData/lcNGS_2025/files/P36454/P36454_210/02-FASTQ/20250916_LH00202_0275_B233JYLLT4/P36454_210_S214_L002_R2_001.fastq.gz
L24x111	 P36454P2   	P36454_210	ILLUMINA	../../RawData/lcNGS_2025/files/P36454/P36454_210/02-FASTQ/20250916_LH00202_0275_B233JYLLT4/P36454_210_S214_L004_R1_001.fastq.gz	../../RawData/lcNGS_2025/files/P36454/P36454_210/02-FASTQ/20250916_LH00202_0275_B233JYLLT4/P36454_210_S214_L004_R2_001.fastq.gz
L24x111	 P36454P2   	P36454_210	ILLUMINA	../../RawData/lcNGS_2025/files/P36454/P36454_210/02-FASTQ/20250916_LH00202_0275_B233JYLLT4/P36454_210_S214_L003_R1_001.fastq.gz	../../RawData/lcNGS_2025/files/P36454/P36454_210/02-FASTQ/20250916_LH00202_0275_B233JYLLT4/P36454_210_S214_L003_R2_001.fastq.gz
